{"cameraMode":{"drawMode":0,"name":"Shaded","section":"Shading Mode"},"sceneLighting":false,"audioPlay":false,"sceneViewState":{"m_AlwaysRefresh":false,"showFog":true,"showSkybox":false,"showFlares":true,"showImageEffects":true,"showParticleSystems":true,"showVisualEffectGraphs":true,"m_FxEnabled":true},"in2DMode":false,"pivot":{"x":-13.483210563659668,"y":-3.0803074836730959,"z":10.185669898986817},"rotation":{"x":0.06774908304214478,"y":0.6947597861289978,"z":-0.06604792922735214,"w":0.7130411267280579},"size":1.425143837928772,"orthographic":false}