{"cameraMode":{"drawMode":0,"name":"Shaded","section":"Shading Mode"},"sceneLighting":false,"audioPlay":false,"sceneViewState":{"m_AlwaysRefresh":false,"showFog":true,"showSkybox":false,"showFlares":true,"showImageEffects":true,"showParticleSystems":true,"showVisualEffectGraphs":true,"m_FxEnabled":true},"in2DMode":false,"pivot":{"x":0.0007121562957763672,"y":0.5412772297859192,"z":-0.07082575559616089},"rotation":{"x":0.029576554894447328,"y":-0.9181045293807983,"z":0.06982022523880005,"w":0.38903114199638369},"size":0.6815710067749023,"orthographic":true}