{"cameraMode":{"drawMode":0,"name":"Shaded","section":"Shading Mode"},"sceneLighting":false,"audioPlay":false,"sceneViewState":{"m_AlwaysRefresh":false,"showFog":true,"showSkybox":false,"showFlares":true,"showImageEffects":true,"showParticleSystems":true,"showVisualEffectGraphs":true,"m_FxEnabled":true},"in2DMode":false,"pivot":{"x":-0.10310190916061402,"y":-0.09614426642656326,"z":-0.32737043499946597},"rotation":{"x":-0.024009136483073236,"y":0.9561529159545898,"z":-0.0819513350725174,"w":-0.2801292836666107},"size":0.7336611151695252,"orthographic":true}