{"cameraMode":{"drawMode":0,"name":"Shaded","section":"Shading Mode"},"sceneLighting":false,"audioPlay":false,"sceneViewState":{"m_AlwaysRefresh":false,"showFog":true,"showSkybox":false,"showFlares":true,"showImageEffects":true,"showParticleSystems":true,"showVisualEffectGraphs":true,"m_FxEnabled":true},"in2DMode":false,"pivot":{"x":0.007268160581588745,"y":0.6431427001953125,"z":0.00570949912071228},"rotation":{"x":-0.1353028416633606,"y":-0.8468460440635681,"z":0.25723081827163699,"w":-0.4454093873500824},"size":0.7515169382095337,"orthographic":true}