{"cameraMode":{"drawMode":0,"name":"Shaded","section":"Shading Mode"},"sceneLighting":false,"audioPlay":false,"sceneViewState":{"m_AlwaysRefresh":false,"showFog":true,"showSkybox":false,"showFlares":true,"showImageEffects":true,"showParticleSystems":true,"showVisualEffectGraphs":true,"m_FxEnabled":true},"in2DMode":false,"pivot":{"x":0.862728476524353,"y":0.48706984519958498,"z":-16.531620025634767},"rotation":{"x":0.36401838064193728,"y":0.5950433015823364,"z":-0.34488144516944888,"w":0.6280550360679627},"size":0.7558050155639648,"orthographic":false}