{"cameraMode":{"drawMode":0,"name":"Shaded","section":"Shading Mode"},"sceneLighting":true,"audioPlay":false,"sceneViewState":{"m_AlwaysRefresh":false,"showFog":true,"showSkybox":true,"showFlares":true,"showImageEffects":true,"showParticleSystems":true,"showVisualEffectGraphs":true,"m_FxEnabled":true},"in2DMode":false,"pivot":{"x":740.8558959960938,"y":407.9545593261719,"z":14.161728858947754},"rotation":{"x":0.0000014768536402698374,"y":0.9999430179595947,"z":-1.0887246304491782e-7,"w":0.010500012896955014},"size":487.44256591796877,"orthographic":true}