{"cameraMode":{"drawMode":0,"name":"Shaded","section":"Shading Mode"},"sceneLighting":false,"audioPlay":false,"sceneViewState":{"m_AlwaysRefresh":false,"showFog":true,"showSkybox":false,"showFlares":true,"showImageEffects":true,"showParticleSystems":true,"showVisualEffectGraphs":true,"m_FxEnabled":true},"in2DMode":false,"pivot":{"x":1.7150373458862305,"y":0.7790217995643616,"z":0.7811236381530762},"rotation":{"x":-0.019094442948698999,"y":0.20254983007907868,"z":0.003950224723666906,"w":0.9790792465209961},"size":2.0508038997650148,"orthographic":false}