{"cameraMode":{"drawMode":0,"name":"Shaded","section":"Shading Mode"},"sceneLighting":false,"audioPlay":false,"sceneViewState":{"m_AlwaysRefresh":false,"showFog":true,"showSkybox":false,"showFlares":true,"showImageEffects":true,"showParticleSystems":true,"showVisualEffectGraphs":true,"m_FxEnabled":true},"in2DMode":false,"pivot":{"x":0.6057831048965454,"y":0.615584671497345,"z":-0.480693519115448},"rotation":{"x":0.01812279038131237,"y":0.9198689460754395,"z":-0.042804770171642306,"w":0.3894563615322113},"size":1.0577229261398316,"orthographic":false}