{"cameraMode":{"drawMode":0,"name":"Shaded","section":"Shading Mode"},"sceneLighting":false,"audioPlay":false,"sceneViewState":{"m_AlwaysRefresh":false,"showFog":true,"showSkybox":false,"showFlares":true,"showImageEffects":true,"showParticleSystems":true,"showVisualEffectGraphs":true,"m_FxEnabled":true},"in2DMode":false,"pivot":{"x":0.665481686592102,"y":0.2600167989730835,"z":0.961601972579956},"rotation":{"x":0.04029669612646103,"y":-0.09726634621620178,"z":0.003941389732062817,"w":0.9944385290145874},"size":0.8660253882408142,"orthographic":false}