{"cameraMode":{"drawMode":0,"name":"Shaded","section":"Shading Mode"},"sceneLighting":false,"audioPlay":false,"sceneViewState":{"m_AlwaysRefresh":false,"showFog":true,"showSkybox":false,"showFlares":true,"showImageEffects":true,"showParticleSystems":true,"showVisualEffectGraphs":true,"m_FxEnabled":true},"in2DMode":false,"pivot":{"x":0.27300000190734866,"y":0.2709999978542328,"z":-17.860000610351564},"rotation":{"x":0.007839315570890904,"y":-0.9810736775398254,"z":0.1891886591911316,"w":0.04063761234283447},"size":0.8149580955505371,"orthographic":true}