{"cameraMode":{"drawMode":0,"name":"Shaded","section":"Shading Mode"},"sceneLighting":false,"audioPlay":false,"sceneViewState":{"m_AlwaysRefresh":false,"showFog":true,"showSkybox":false,"showFlares":true,"showImageEffects":true,"showParticleSystems":true,"showVisualEffectGraphs":true,"m_FxEnabled":true},"in2DMode":false,"pivot":{"x":1.2072759866714478,"y":0.5449678897857666,"z":0.9743294715881348},"rotation":{"x":-0.001794298063032329,"y":0.9978808760643005,"z":-0.03144364058971405,"w":-0.05694068968296051},"size":2.0508036613464357,"orthographic":false}