{"cameraMode":{"drawMode":0,"name":"Shaded","section":"Shading Mode"},"sceneLighting":false,"audioPlay":false,"sceneViewState":{"m_AlwaysRefresh":false,"showFog":true,"showSkybox":false,"showFlares":true,"showImageEffects":true,"showParticleSystems":true,"showVisualEffectGraphs":true,"m_FxEnabled":true},"in2DMode":false,"pivot":{"x":4.935914039611816,"y":22.683320999145509,"z":0.17324106395244599},"rotation":{"x":-0.017295394092798234,"y":-0.8596743941307068,"z":0.029147570952773095,"w":-0.5097251534461975},"size":0.9865378737449646,"orthographic":true}