{"cameraMode":{"drawMode":0,"name":"Shaded","section":"Shading Mode"},"sceneLighting":false,"audioPlay":false,"sceneViewState":{"m_AlwaysRefresh":false,"showFog":true,"showSkybox":false,"showFlares":true,"showImageEffects":true,"showParticleSystems":true,"showVisualEffectGraphs":true,"m_FxEnabled":true},"in2DMode":false,"pivot":{"x":0.6931325793266296,"y":0.5883846282958984,"z":1.1865496635437012},"rotation":{"x":-0.034932151436805728,"y":-0.9244040846824646,"z":0.3696458041667938,"w":-0.08733805269002915},"size":1.1856261491775513,"orthographic":true}