{"cameraMode":{"drawMode":0,"name":"Shaded","section":"Shading Mode"},"sceneLighting":false,"audioPlay":false,"sceneViewState":{"m_AlwaysRefresh":false,"showFog":true,"showSkybox":false,"showFlares":true,"showImageEffects":true,"showParticleSystems":true,"showVisualEffectGraphs":true,"m_FxEnabled":true},"in2DMode":false,"pivot":{"x":-3.112929582595825,"y":-1.2763018608093262,"z":-5.446434020996094},"rotation":{"x":-0.04618944972753525,"y":0.11214170604944229,"z":0.0052183568477630619,"w":0.9926053881645203},"size":9.352632522583008,"orthographic":false}