{"cameraMode":{"drawMode":0,"name":"Shaded","section":"Shading Mode"},"sceneLighting":false,"audioPlay":false,"sceneViewState":{"m_AlwaysRefresh":false,"showFog":true,"showSkybox":false,"showFlares":true,"showImageEffects":true,"showParticleSystems":true,"showVisualEffectGraphs":true,"m_FxEnabled":true},"in2DMode":false,"pivot":{"x":0.651964545249939,"y":1.0235613584518433,"z":0.9725165367126465},"rotation":{"x":-0.002646390814334154,"y":0.99527508020401,"z":-0.028373023495078088,"w":-0.09282824397087097},"size":1.9670162200927735,"orthographic":false}