{"cameraMode":{"drawMode":0,"name":"Shaded","section":"Shading Mode"},"sceneLighting":false,"audioPlay":false,"sceneViewState":{"m_AlwaysRefresh":false,"showFog":true,"showSkybox":false,"showFlares":true,"showImageEffects":true,"showParticleSystems":true,"showVisualEffectGraphs":true,"m_FxEnabled":true},"in2DMode":false,"pivot":{"x":-5.242130279541016,"y":-4.304511547088623,"z":-6.3344645500183109},"rotation":{"x":0.06210333853960037,"y":0.16392678022384644,"z":-0.010341210290789605,"w":0.9844635128974915},"size":0.6995418071746826,"orthographic":false}