{"cameraMode":{"drawMode":0,"name":"Shaded","section":"Shading Mode"},"sceneLighting":false,"audioPlay":false,"sceneViewState":{"m_AlwaysRefresh":false,"showFog":true,"showSkybox":false,"showFlares":true,"showImageEffects":true,"showParticleSystems":true,"showVisualEffectGraphs":true,"m_FxEnabled":true},"in2DMode":false,"pivot":{"x":5.128187656402588,"y":22.700000762939454,"z":-0.9328193664550781},"rotation":{"x":0.03195856884121895,"y":0.9400823712348938,"z":-0.09194944053888321,"w":0.32673588395118716},"size":1.5526752471923829,"orthographic":false}