{"cameraMode":{"drawMode":0,"name":"Shaded","section":"Shading Mode"},"sceneLighting":false,"audioPlay":false,"sceneViewState":{"m_AlwaysRefresh":false,"showFog":true,"showSkybox":false,"showFlares":true,"showImageEffects":true,"showParticleSystems":true,"showVisualEffectGraphs":true,"m_FxEnabled":true},"in2DMode":false,"pivot":{"x":-0.05071480944752693,"y":0.22691431641578675,"z":0.11796712130308151},"rotation":{"x":0.06349123269319534,"y":-0.9152837991714478,"z":0.15947136282920838,"w":0.3644069731235504},"size":0.7229000926017761,"orthographic":true}